"personlastname","personfirstname","personemail"
"Anderson","Jay","JAnderson@gmail.com"
"Zimmerman","Toby","TZimmerman@gmail.com"
"Mann","Louis","LMann@gmail.com"
"Kerry","Anne","AKerry@gmail.com"
"Lynn","Kendle","lynn.kendle@gmail.com"
"Caroll","Lisa","LCaroll@gmail.com"
"Master","Carley","cmasters@msn.com"
